"TX","mean"
"A",64.077634665
"B",63.6194089544286
"C",61.9932786236333
