"TX","mean","sd","count"
"A",16.0952380952381,4.01101850583154,42
"B",20.7857142857143,4.62166510684065,28
"C",23.375,6.57140269146043,16
